# Panoptic collateral share flows (deposits positive, withdraws negative).
# Source: CollateralDeposit / CollateralWithdraw events, confirmed Base market.
# Used by the collateral-channel alternative (spec 6.2.4) to reconstruct
# per-account collateral share BALANCES as a step function of time.
owner,timestamp_unix,vault_index,shares_delta
0x557a1a07653a637d8e0c01074d9c33618c0956af,1774352563,0,4.9999999999999996e22
0x557a1a07653a637d8e0c01074d9c33618c0956af,1774352569,1,5.0e12
0x41b7d0515d709a4fd2cf27f9d141d0c2f8713d04,1774565479,0,9.998336894555837e20
0xb452af299c565d04b05e601eff2840e000c922f1,1774567041,1,1.999436419685e12
0xb452af299c565d04b05e601eff2840e000c922f1,1774647777,1,9.99653724789e11
0x41b7d0515d709a4fd2cf27f9d141d0c2f8713d04,1775000453,0,-5.002739905756943e20
0x41b7d0515d709a4fd2cf27f9d141d0c2f8713d04,1775512739,0,-9.95225353589273e19
0xb452af299c565d04b05e601eff2840e000c922f1,1775604323,1,2.998931506636e12
0xb452af299c565d04b05e601eff2840e000c922f1,1775604923,1,2.499109345789e12
0xd0147f8b96d43bf218f1478ac062ea7c19b0462c,1775691803,0,4.9957800596359414e20
0xb452af299c565d04b05e601eff2840e000c922f1,1775748267,1,4.99820422773e11
0xd0147f8b96d43bf218f1478ac062ea7c19b0462c,1776105613,1,1.29305338804e11
0x7f7ed74ba8d347640a0a4150751879efa6a5c8cf,1776422995,1,1.9992449297e10
0xada83044262ba60dc5a759fe49c5ce153bb4bfa1,1777341099,1,4.99807977462e11
0xd0147f8b96d43bf218f1478ac062ea7c19b0462c,1777713877,0,9.983301998258769e20
0x41b7d0515d709a4fd2cf27f9d141d0c2f8713d04,1778712551,0,-9.97860132781542e19
0xb452af299c565d04b05e601eff2840e000c922f1,1778791627,1,-9.973777655e9
0x41b7d0515d709a4fd2cf27f9d141d0c2f8713d04,1778826189,0,-3.494849370286156e20
0x41b7d0515d709a4fd2cf27f9d141d0c2f8713d04,1778826657,0,-2.63397750109469e14
0xb452af299c565d04b05e601eff2840e000c922f1,1779314127,1,9.99464330245e11
0x41b7d0515d709a4fd2cf27f9d141d0c2f8713d04,1779314127,0,9.975764596207113e19
0xb452af299c565d04b05e601eff2840e000c922f1,1779376531,1,-9.90487693635e11
0x41b7d0515d709a4fd2cf27f9d141d0c2f8713d04,1779953765,0,3.2753192186419543e18
0x41b7d0515d709a4fd2cf27f9d141d0c2f8713d04,1780516595,0,9.972516395473126e20
0xb452af299c565d04b05e601eff2840e000c922f1,1780516595,1,9.99462263282e11
0xb452af299c565d04b05e601eff2840e000c922f1,1780517795,1,9.9946215034e11
0xb452af299c565d04b05e601eff2840e000c922f1,1780521397,1,-9.99461097429e11
0xb452af299c565d04b05e601eff2840e000c922f1,1780610229,1,9.99317060719e11
0x41b7d0515d709a4fd2cf27f9d141d0c2f8713d04,1780610229,0,4.986123115216626e20
0xb452af299c565d04b05e601eff2840e000c922f1,1780610231,1,-1998635.0
0xb452af299c565d04b05e601eff2840e000c922f1,1780616231,1,4.99654521962e11
0xb452af299c565d04b05e601eff2840e000c922f1,1781213595,1,-3.481194426814e12
0xb28c04c6e4f234225e62ac72111075ff77746558,1781474703,0,1.0310517243099013e19
0xb28c04c6e4f234225e62ac72111075ff77746558,1781474703,1,1.7959954236e10
0xb28c04c6e4f234225e62ac72111075ff77746558,1781804421,0,2.6469166906615493e20
0xb28c04c6e4f234225e62ac72111075ff77746558,1781804421,1,4.50309271712e11
0x41b7d0515d709a4fd2cf27f9d141d0c2f8713d04,1781825631,0,-1.1316332168726173e21
0xb28c04c6e4f234225e62ac72111075ff77746558,1782426605,0,2.8268781893029495e19
0xb28c04c6e4f234225e62ac72111075ff77746558,1782426605,1,5.5028708224e10
0xb28c04c6e4f234225e62ac72111075ff77746558,1782976009,0,4.4244652410874436e20
0xb28c04c6e4f234225e62ac72111075ff77746558,1782976009,1,7.5007757833e10
0xb28c04c6e4f234225e62ac72111075ff77746558,1782976009,0,-4.657331832723629e20
0xb28c04c6e4f234225e62ac72111075ff77746558,1782976009,1,-1.57911908296e11
0xb28c04c6e4f234225e62ac72111075ff77746558,1783008175,0,4.5138942438014596e20
0xb28c04c6e4f234225e62ac72111075ff77746558,1783008175,1,6.9303275323e10
0xb28c04c6e4f234225e62ac72111075ff77746558,1783008175,0,-4.518602210415233e20
0xb28c04c6e4f234225e62ac72111075ff77746558,1783008175,1,-7.1291312512e10
0xb28c04c6e4f234225e62ac72111075ff77746558,1783009711,0,4.48821127437435e20
0xb28c04c6e4f234225e62ac72111075ff77746558,1783009711,1,7.120957633e10
0xb28c04c6e4f234225e62ac72111075ff77746558,1783009711,0,-4.4868596020238975e20
0xb28c04c6e4f234225e62ac72111075ff77746558,1783009711,1,-7.3513506423e10
0xb28c04c6e4f234225e62ac72111075ff77746558,1783012081,0,4.5087657866420316e20
0xb28c04c6e4f234225e62ac72111075ff77746558,1783012081,1,6.9476628741e10
0xb28c04c6e4f234225e62ac72111075ff77746558,1783012081,0,-4.509847695514125e20
0xb28c04c6e4f234225e62ac72111075ff77746558,1783012081,1,-6.7792528017e10
0xb28c04c6e4f234225e62ac72111075ff77746558,1783015727,0,4.503144004800083e20
0xb28c04c6e4f234225e62ac72111075ff77746558,1783015727,1,6.9910092712e10
0xb28c04c6e4f234225e62ac72111075ff77746558,1783015727,0,-4.5028482605752897e20
0xb28c04c6e4f234225e62ac72111075ff77746558,1783015727,1,-7.0222000047e10
0xb28c04c6e4f234225e62ac72111075ff77746558,1783019371,0,4.4977126905576954e20
0xb28c04c6e4f234225e62ac72111075ff77746558,1783019371,1,7.0355514571e10
0xb28c04c6e4f234225e62ac72111075ff77746558,1783019371,0,-4.497426970078405e20
0xb28c04c6e4f234225e62ac72111075ff77746558,1783019371,1,-7.0877685185e10
0xb28c04c6e4f234225e62ac72111075ff77746558,1783022993,0,4.492429883758489e20
0xb28c04c6e4f234225e62ac72111075ff77746558,1783022993,1,7.079196763e10
0xb28c04c6e4f234225e62ac72111075ff77746558,1783022993,0,-4.492151977979616e20
0xb28c04c6e4f234225e62ac72111075ff77746558,1783022993,1,-7.1326096215e10
0xb28c04c6e4f234225e62ac72111075ff77746558,1783026679,0,4.487591926824062e20
0xb28c04c6e4f234225e62ac72111075ff77746558,1783026679,1,7.1192550645e10
0xb28c04c6e4f234225e62ac72111075ff77746558,1783026679,0,-4.487337435648746e20
0xb28c04c6e4f234225e62ac72111075ff77746558,1783026679,1,-7.1690804828e10
0xb28c04c6e4f234225e62ac72111075ff77746558,1783067263,0,4.330086794619239e20
0xb28c04c6e4f234225e62ac72111075ff77746558,1783067263,1,8.4698770109e10
0xb28c04c6e4f234225e62ac72111075ff77746558,1783067263,0,-4.321798523919405e20
0xb28c04c6e4f234225e62ac72111075ff77746558,1783067263,1,-9.9676210398e10
0xb28c04c6e4f234225e62ac72111075ff77746558,1783071017,0,4.340986993383333e20
0xb28c04c6e4f234225e62ac72111075ff77746558,1783071017,1,8.3719102873e10
0xb28c04c6e4f234225e62ac72111075ff77746558,1783071017,0,-4.3415608198230796e20
0xb28c04c6e4f234225e62ac72111075ff77746558,1783071017,1,-8.4132651107e10
0xb28c04c6e4f234225e62ac72111075ff77746558,1783074597,0,4.355137624761338e20
0xb28c04c6e4f234225e62ac72111075ff77746558,1783074597,1,8.2477425413e10
0xb28c04c6e4f234225e62ac72111075ff77746558,1783074597,0,-4.355882520047099e20
0xb28c04c6e4f234225e62ac72111075ff77746558,1783074597,1,-8.1147096141e10
0xb28c04c6e4f234225e62ac72111075ff77746558,1783082007,0,4.358401080797332e20
0xb28c04c6e4f234225e62ac72111075ff77746558,1783082007,1,8.2183298234e10
0xb28c04c6e4f234225e62ac72111075ff77746558,1783082007,0,-4.3585730999044316e20
0xb28c04c6e4f234225e62ac72111075ff77746558,1783082007,1,-8.1724908512e10
0xb28c04c6e4f234225e62ac72111075ff77746558,1783086127,0,4.3655276922375045e20
0xb28c04c6e4f234225e62ac72111075ff77746558,1783086127,1,8.155640827e10
0xb28c04c6e4f234225e62ac72111075ff77746558,1783086127,0,-4.36590292063218e20
0xb28c04c6e4f234225e62ac72111075ff77746558,1783086127,1,-8.081800305e10
0xb28c04c6e4f234225e62ac72111075ff77746558,1783093833,0,4.365951164098859e20
0xb28c04c6e4f234225e62ac72111075ff77746558,1783093833,1,8.1513334673e10
0xb28c04c6e4f234225e62ac72111075ff77746558,1783093833,0,-4.3659737203240154e20
0xb28c04c6e4f234225e62ac72111075ff77746558,1783093833,1,-8.139375521e10
0xb28c04c6e4f234225e62ac72111075ff77746558,1783097579,0,4.3678664807002486e20
0xb28c04c6e4f234225e62ac72111075ff77746558,1783097579,1,8.1346838539e10
0xb28c04c6e4f234225e62ac72111075ff77746558,1783097579,0,-4.367967416984119e20
0xb28c04c6e4f234225e62ac72111075ff77746558,1783097579,1,-8.1150529116e10
0xb28c04c6e4f234225e62ac72111075ff77746558,1783101147,0,4.3675766455246166e20
0xb28c04c6e4f234225e62ac72111075ff77746558,1783101147,1,8.1370723748e10
0xb28c04c6e4f234225e62ac72111075ff77746558,1783101147,0,-4.3675615149503794e20
0xb28c04c6e4f234225e62ac72111075ff77746558,1783101147,1,-8.1376702714e10
0xb28c04c6e4f234225e62ac72111075ff77746558,1783104789,0,4.367164042167848e20
0xb28c04c6e4f234225e62ac72111075ff77746558,1783104789,1,8.1400537142e10
0xb28c04c6e4f234225e62ac72111075ff77746558,1783104789,0,-4.367142452545045e20
0xb28c04c6e4f234225e62ac72111075ff77746558,1783104789,1,-8.1435414404e10
