tokenId,account,epoch_mint,epoch_burn,spell_days,premium_usd,premium_usd_per_day,strike_tick,tick_at_mint,tick_at_burn,is_long
85987442074312111046374787509641907306580446218,0x557a1a07653a637d8e0c01074d9c33618c0956af,20536,20539,3.068564814814815,1.0809377564383554e-2,3.5226166682863075e-3,-199920,-199482,-200340,0
305488671002481536027468369529866,0x557a1a07653a637d8e0c01074d9c33618c0956af,20538,20539,0.9426157407407407,1.9649995627023954e-3,2.084624176929434e-3,-200160,-199975,-200423,0
85987406349980496331175231772960871807994858506,0x557a1a07653a637d8e0c01074d9c33618c0956af,20539,20539,7.881944444444444e-2,2.3619775427424582e-4,2.9966939749331628e-3,-197280,-200433,-200405,0
85987421664016235768991544904585048092953840650,0xb452af299c565d04b05e601eff2840e000c922f1,20540,20566,26.167546296296297,9.086558092385816e-5,3.4724532401694498e-6,-199920,-200358,-198724,1
305488695927131832613455807417354,0x41b7d0515d709a4fd2cf27f9d141d0c2f8713d04,20550,20578,28.69472222222222,3.105286647967347e-4,1.082180417680608e-5,-199830,-199792,-198605,0
305488797934970229080662068464650,0xb452af299c565d04b05e601eff2840e000c922f1,20578,20587,8.913726851851852,9.580430676506872e-3,1.0747951822773782e-3,-198480,-198651,-198977,1
305488725394698685720041940880394,0x41b7d0515d709a4fd2cf27f9d141d0c2f8713d04,20549,20587,37.96627314814815,4.4963426487117846e-4,1.1842991886948216e-5,-199440,-199638,-198933,0
85987420383974868125161971211426355718277073930,0x41b7d0515d709a4fd2cf27f9d141d0c2f8713d04,20584,20587,3.028263888888889,1.273749190358887e-5,4.206202752119607e-6,-197460,-198745,-198931,0
171622313847804664062707064823821437228393466890,0x41b7d0515d709a4fd2cf27f9d141d0c2f8713d04,20578,20587,9.03238425925926,3.3964089573027136e-4,3.76025738034893e-5,-198480,-198557,-198924,0
85987421666674691760561367205659696474224102410,0xb452af299c565d04b05e601eff2840e000c922f1,20538,20587,48.979421296296294,7.608297989539992e-4,1.553366248146201e-5,-199920,-200023,-198918,1
85987421660028551781636802008240109781758020618,0x41b7d0515d709a4fd2cf27f9d141d0c2f8713d04,20538,20587,48.994421296296295,1.1851143961747687e-3,2.4188762002264055e-5,-199920,-199976,-198918,0
13928862940073023893129294023690,0xb28c04c6e4f234225e62ac72111075ff77746558,20618,20622,3.8161805555555555,1.9546688225840143e-6,5.122055401017198e-7,-202410,-201818,-202059,1
13928862935350657410259648809994,0xb28c04c6e4f234225e62ac72111075ff77746558,20618,20622,3.8161805555555555,3.6921522213694146e-6,9.67499353769941e-7,-202410,-201818,-202059,0
13928885602709775184556674550794,0xb28c04c6e4f234225e62ac72111075ff77746558,20618,20622,3.8161805555555555,3.2217596967679e-6,8.442367047014314e-7,-202110,-201818,-202059,0
13928930946891190442963726011402,0xb28c04c6e4f234225e62ac72111075ff77746558,20618,20622,3.8161805555555555,5.24593823968137e-5,1.3746567184941991e-5,-201510,-201818,-202059,0
13928953618972674700130396965898,0xb28c04c6e4f234225e62ac72111075ff77746558,20618,20622,3.8161805555555555,1.7039102800221183e-5,4.464962428314834e-6,-201210,-201818,-202059,1
13928953614250308217260751752202,0xb28c04c6e4f234225e62ac72111075ff77746558,20618,20622,3.8161805555555555,3.2184971957092876e-5,8.433817920443606e-6,-201210,-201818,-202059,0
305488578812443057446254507756554,0x41b7d0515d709a4fd2cf27f9d141d0c2f8713d04,20607,20622,15.084513888888889,3.0086529960280977e-2,1.994530959492333e-3,-201380,-201377,-201904,0
13928921124368906074101681523722,0xb28c04c6e4f234225e62ac72111075ff77746558,20623,20624,0.8447453703703703,3.651064077512199e-5,4.3220882949751185e-5,-201640,-201936,-201779,0
13928921124368906074101681523722,0xb28c04c6e4f234225e62ac72111075ff77746558,20624,20625,0.42342592592592593,6.27956493151137e-6,1.4830374209561074e-5,-201640,-201779,-201715,0
13928891647338873257702548081674,0xb28c04c6e4f234225e62ac72111075ff77746558,20627,20627,0.21416666666666667,7.285639588695346e-5,3.401855060869422e-4,-202030,-201755,-202031,0
13928867473544847447988699171850,0xb28c04c6e4f234225e62ac72111075ff77746558,20627,20627,0.2517824074074074,1.192823103097147e-5,4.737515680224027e-5,-202350,-202031,-202198,1
13928867468822480965119053958154,0xb28c04c6e4f234225e62ac72111075ff77746558,20627,20627,0.2517824074074074,2.2531103059237717e-5,8.948640729604389e-5,-202350,-202031,-202198,0
13928890136181598739416079698954,0xb28c04c6e4f234225e62ac72111075ff77746558,20627,20627,0.2517824074074074,1.2698723219413386e-4,5.043530781269267e-4,-202050,-202031,-202198,0
13928881069237951629697269402634,0xb28c04c6e4f234225e62ac72111075ff77746558,20627,20627,4.884259259259259e-3,1.1839551926812113e-5,2.424022005868641e-3,-202170,-202198,-202202,0
13928847828500278710264610196490,0xb28c04c6e4f234225e62ac72111075ff77746558,20627,20629,2.4130555555555557,5.958201467102624e-4,2.4691522138332503e-4,-202610,-202202,-202749,1
13928847823777912227394964982794,0xb28c04c6e4f234225e62ac72111075ff77746558,20627,20629,2.4130555555555557,1.1254380549001227e-3,4.663954181697297e-4,-202610,-202202,-202749,0
13928870491137030001691990723594,0xb28c04c6e4f234225e62ac72111075ff77746558,20627,20629,2.4130555555555557,1.0074502330652273e-3,4.174998087987588e-4,-202310,-202202,-202749,0
13928819111789696379952065711114,0xb28c04c6e4f234225e62ac72111075ff77746558,20629,20636,6.358842592592593,7.863014582575373e-5,1.2365480774339325e-5,-202990,-202749,-202439,0
13928864455971111638359117171722,0xb28c04c6e4f234225e62ac72111075ff77746558,20629,20636,6.358842592592593,1.2328343993455696e-4,1.938771689020415e-5,-202390,-202749,-202439,0
13928856890721559337113775279114,0xb28c04c6e4f234225e62ac72111075ff77746558,20636,20636,0.3722916666666667,2.5372160443128955e-6,6.8151298336328466e-6,-202490,-202439,-201982,0
13928865211549748897502351363082,0xb28c04c6e4f234225e62ac72111075ff77746558,20636,20636,0.3722916666666667,1.6824246412592333e-6,4.51910368105446e-6,-202380,-202439,-201982,0
13928877305530311526663743638538,0xb28c04c6e4f234225e62ac72111075ff77746558,20636,20636,0.3722916666666667,8.60750959305669e-6,2.3120339141954177e-5,-202220,-202439,-201982,1
13928877300807945043794098424842,0xb28c04c6e4f234225e62ac72111075ff77746558,20636,20636,0.3722916666666667,1.6258629232081427e-5,4.367175171460036e-5,-202220,-202439,-201982,0
13928893158496147775989016464394,0xb28c04c6e4f234225e62ac72111075ff77746558,20636,20636,1.7777777777777778e-2,3.626460282784529e-6,2.0398839090662976e-4,-202010,-201982,-202018,0
13928901479324337336377592548362,0xb28c04c6e4f234225e62ac72111075ff77746558,20636,20636,1.7777777777777778e-2,4.852261471750486e-8,2.7293970778596486e-6,-201900,-201982,-202018,0
13928896945852513781518187400202,0xb28c04c6e4f234225e62ac72111075ff77746558,20636,20636,2.7430555555555555e-2,1.0248446444424932e-7,3.7361425012587093e-6,-201960,-202018,-201937,0
13928893914074785035132250655754,0xb28c04c6e4f234225e62ac72111075ff77746558,20636,20636,4.2199074074074076e-2,1.5209449365731771e-6,3.60421400219206e-5,-202000,-201937,-201939,0
13928902234902974595520826739722,0xb28c04c6e4f234225e62ac72111075ff77746558,20636,20636,4.2199074074074076e-2,1.654015884392434e-8,3.919554920776366e-7,-201890,-201937,-201939,0
13928894669653422294275484847114,0xb28c04c6e4f234225e62ac72111075ff77746558,20636,20636,4.217592592592593e-2,1.4082716743332656e-7,3.3390415110426494e-6,-201990,-201939,-201937,0
13928902234902974595520826739722,0xb28c04c6e4f234225e62ac72111075ff77746558,20636,20636,4.217592592592593e-2,7.91720788872593e-9,1.877186502705599e-7,-201890,-201939,-201937,0
13928894669653422294275484847114,0xb28c04c6e4f234225e62ac72111075ff77746558,20636,20636,4.19212962962963e-2,1.5626740447704865e-6,3.727637699286859e-5,-201990,-201937,-201938,0
13928902990481611854664060931082,0xb28c04c6e4f234225e62ac72111075ff77746558,20636,20636,4.19212962962963e-2,1.4475260135459668e-9,3.452961004151616e-8,-201880,-201937,-201938,0
13928894669653422294275484847114,0xb28c04c6e4f234225e62ac72111075ff77746558,20636,20636,4.266203703703704e-2,1.001362992101002e-6,2.347199200149934e-5,-201990,-201938,-201918,0
13928902990481611854664060931082,0xb28c04c6e4f234225e62ac72111075ff77746558,20636,20636,4.266203703703704e-2,1.1604194423676513e-10,2.7200282099990523e-9,-201880,-201938,-201918,0
13928896180810696812561953229834,0xb28c04c6e4f234225e62ac72111075ff77746558,20636,20637,0.4697222222222222,5.787178553979173e-6,1.2320427436028992e-5,-201970,-201918,-201816,0
13928904501638886372950529313802,0xb28c04c6e4f234225e62ac72111075ff77746558,20636,20637,0.4697222222222222,3.9617719967505377e-5,8.434286923892334e-5,-201860,-201918,-201816,0
13928909790689347186953168653322,0xb28c04c6e4f234225e62ac72111075ff77746558,20637,20637,4.344907407407408e-2,6.211388419214819e-6,1.4295790075124142e-4,-201790,-201816,-201795,0
13928905247754343922280763526154,0xb28c04c6e4f234225e62ac72111075ff77746558,20637,20637,4.1435185185185186e-2,9.914623044333705e-8,2.392802879973274e-6,-201850,-201795,-201733,0
13928913568582533482669339610122,0xb28c04c6e4f234225e62ac72111075ff77746558,20637,20637,4.1435185185185186e-2,1.542980137593091e-6,3.723840332068242e-5,-201740,-201795,-201733,0
13928909781226167477140168674314,0xb28c04c6e4f234225e62ac72111075ff77746558,20637,20637,8.576388888888889e-2,8.510279375250015e-8,9.922916842396778e-7,-201790,-201733,-201747,0
13928918102054357037528744758282,0xb28c04c6e4f234225e62ac72111075ff77746558,20637,20637,8.576388888888889e-2,1.4033174767087212e-6,1.6362568149478205e-5,-201680,-201733,-201747,0
13928909025647530217996934482954,0xb28c04c6e4f234225e62ac72111075ff77746558,20637,20637,4.7685185185185185e-2,1.1853427666480551e-8,2.485767355300776e-7,-201800,-201747,-201656,0
13928917346475719778385510566922,0xb28c04c6e4f234225e62ac72111075ff77746558,20637,20637,4.7685185185185185e-2,1.232378630314534e-7,2.584405671339217e-6,-201690,-201747,-201656,0
13928913559119353772856339631114,0xb28c04c6e4f234225e62ac72111075ff77746558,20637,20637,8.918981481481482e-2,1.0827140425816092e-6,1.2139435930320664e-5,-201740,-201656,-201755,0
13928921879947543333244915715082,0xb28c04c6e4f234225e62ac72111075ff77746558,20637,20637,8.918981481481482e-2,4.04102384118845e-8,4.5308131310495985e-7,-201630,-201656,-201755,0
13928908270068892958853700291594,0xb28c04c6e4f234225e62ac72111075ff77746558,20637,20637,4.335648148148148e-2,8.493651915069859e-8,1.959027030064164e-6,-201810,-201755,-201751,0
13928916590897082519242276375562,0xb28c04c6e4f234225e62ac72111075ff77746558,20637,20637,4.335648148148148e-2,1.4198592096526463e-9,3.27484879108352e-8,-201700,-201755,-201751,0
13928916590897082519242276375562,0xb28c04c6e4f234225e62ac72111075ff77746558,20637,20637,4.1296296296296296e-2,2.5868319648100655e-9,6.264077403575943e-8,-201700,-201751,-201717,0
13928911292383441995426637057034,0xb28c04c6e4f234225e62ac72111075ff77746558,20637,20637,4.2152777777777775e-2,4.049767821907764e-8,9.607356941593378e-7,-201770,-201717,-201717,0
13928918857632994296671978949642,0xb28c04c6e4f234225e62ac72111075ff77746558,20637,20637,4.2152777777777775e-2,9.771030141660325e-11,2.318003855682186e-9,-201670,-201717,-201717,0
