token_id,is_long,leg_count,leg_count_truth,recon_wei,truth_wei,rel_error,signed_error_wei,flags
13928819111789696379952065711114,0,1,1,48636641935,48636641935,0.000000000000e0,0,ChunkEmpty;Extrapolated
13928847823777912227394964982794,0,1,1,718056392186,718056392185,1.392648280669e-12,1,ChunkEmpty;Extrapolated
13928847828500278710264610196490,1,1,1,-380147501744,-380147501744,0.000000000000e0,0,ChunkEmpty;Extrapolated
13928856890721559337113775279114,0,1,1,1499290138,1499290138,0.000000000000e0,0,ChunkEmpty;Extrapolated
13928862935350657410259648809994,0,1,1,2198627894,2198627894,0.000000000000e0,0,ChunkEmpty;Extrapolated
13928862940073023893129294023690,1,1,1,-1163979473,-1163979473,0.000000000000e0,0,ChunkEmpty;Extrapolated
13928864455971111638359117171722,0,1,1,76256917263,76256917263,0.000000000000e0,0,ChunkEmpty;Extrapolated
13928865211549748897502351363082,0,1,1,994177330,994177330,0.000000000000e0,0,ChunkEmpty;Extrapolated
13928867468822480965119053958154,0,1,1,13604763017,13604763017,0.000000000000e0,0,ChunkEmpty;Extrapolated
13928867473544847447988699171850,1,1,1,-7202521597,-7202521597,0.000000000000e0,0,ChunkEmpty;Extrapolated
13928870491137030001691990723594,0,1,1,642777340353,642777340353,0.000000000000e0,0,ChunkEmpty;Extrapolated
13928877300807945043794098424842,0,1,1,9607539145,9607539145,0.000000000000e0,0,ChunkEmpty;Extrapolated
13928877305530311526663743638538,1,1,1,-5086344253,-5086344253,0.000000000000e0,0,ChunkEmpty;Extrapolated
13928881069237951629697269402634,0,1,1,7151835272,7151835272,0.000000000000e0,0,ChunkEmpty;Extrapolated
13928885602709775184556674550794,0,1,1,1918515357,1918515357,0.000000000000e0,0,ChunkEmpty;Extrapolated
13928890136181598739416079698954,0,1,1,76677612971,76677612971,0.000000000000e0,0,ChunkEmpty;Extrapolated
13928891647338873257702548081674,0,1,1,43263719609,43263719609,0.000000000000e0,0,ChunkEmpty;Extrapolated
13928893158496147775989016464394,0,1,1,2150673791,2150673791,0.000000000000e0,0,ChunkEmpty;Extrapolated
13928893914074785035132250655754,0,1,1,894899682,894899682,0.000000000000e0,0,ChunkEmpty;Extrapolated
13928894669653422294275484847114,0,1,1,82843884,82843884,0.000000000000e0,0,Extrapolated
13928894669653422294275484847114,0,1,1,919360486,919360486,0.000000000000e0,0,Extrapolated
13928894669653422294275484847114,0,1,1,587950043,587950043,0.000000000000e0,0,ChunkEmpty;Extrapolated
13928896180810696812561953229834,0,1,1,3363459397,3363459397,0.000000000000e0,0,ChunkEmpty;Extrapolated
13928896945852513781518187400202,0,1,1,60288162,60288162,0.000000000000e0,0,ChunkEmpty;Extrapolated
13928901479324337336377592548362,0,1,1,28776357,28776357,0.000000000000e0,0,ChunkEmpty;Extrapolated
13928902234902974595520826739722,0,1,1,9731965,9731965,0.000000000000e0,0,Extrapolated
13928902234902974595520826739722,0,1,1,4657427,4657427,0.000000000000e0,0,ChunkEmpty;Extrapolated
13928902990481611854664060931082,0,1,1,851616,851616,0.000000000000e0,0,Extrapolated
13928902990481611854664060931082,0,1,1,68134,68134,0.000000000000e0,0,ChunkEmpty;Extrapolated
13928904501638886372950529313802,0,1,1,23025484918,23025484918,0.000000000000e0,0,ChunkEmpty;Extrapolated
13928905247754343922280763526154,0,1,1,57146686,57146686,0.000000000000e0,0,ChunkEmpty;Extrapolated
13928908270068892958853700291594,0,1,1,49044577,49044577,0.000000000000e0,0,Extrapolated
13928909025647530217996934482954,0,1,1,6779769,6779769,0.000000000000e0,0,ChunkEmpty;Extrapolated
13928909781226167477140168674314,0,1,1,49120937,49120937,0.000000000000e0,0,ChunkEmpty;Extrapolated
13928909790689347186953168653322,0,1,1,3602433914,3602433914,0.000000000000e0,0,ChunkEmpty;Extrapolated
13928911292383441995426637057034,0,1,1,23305055,23305055,0.000000000000e0,0,Extrapolated
13928913559119353772856339631114,0,1,1,625437638,625437638,0.000000000000e0,0,ChunkEmpty;Extrapolated
13928913568582533482669339610122,0,1,1,889355057,889355057,0.000000000000e0,0,ChunkEmpty;Extrapolated
13928916590897082519242276375562,0,1,1,819864,819864,0.000000000000e0,0,Extrapolated
13928916590897082519242276375562,0,1,1,1488635,1488635,0.000000000000e0,0,ChunkEmpty;Extrapolated
13928917346475719778385510566922,0,1,1,70487986,70487986,0.000000000000e0,0,ChunkEmpty;Extrapolated
13928918102054357037528744758282,0,1,1,809988325,809988325,0.000000000000e0,0,ChunkEmpty;Extrapolated
13928918857632994296671978949642,0,1,1,56229,56229,0.000000000000e0,0,ChunkEmpty;Extrapolated
13928921124368906074101681523722,0,1,1,21141312857,21141312857,0.000000000000e0,0,Extrapolated
13928921124368906074101681523722,0,1,1,3612956293,3612956293,0.000000000000e0,0,ChunkEmpty;Extrapolated
13928921879947543333244915715082,0,1,1,23343268,23343268,0.000000000000e0,0,ChunkEmpty;Extrapolated
13928930946891190442963726011402,0,1,1,31238869506,31238869506,0.000000000000e0,0,ChunkEmpty;Extrapolated
13928953614250308217260751752202,0,1,1,19165725807,19165725807,0.000000000000e0,0,ChunkEmpty;Extrapolated
13928953618972674700130396965898,1,1,1,-10146560721,-10146560721,0.000000000000e0,0,ChunkEmpty;Extrapolated
171622313847804664062707064823821437228393466890,0,2,2,147824900806,147824902150,9.091837575757e-9,-1344,ChunkEmpty;Extrapolated
305488578812443057446254507756554,0,1,1,17640584083185,17640586041163,1.109927978261e-7,-1957978,ChunkEmpty;Extrapolated
305488671002481536027468369529866,0,1,1,993545060839,993545060839,0.000000000000e0,0,ChunkEmpty;Extrapolated
305488695927131832613455807417354,0,1,1,130910962607,130910962893,2.184690981410e-9,-286,ChunkEmpty;Extrapolated
305488725394698685720041940880394,0,1,1,195874484857,195874485096,1.220169129649e-9,-239,ChunkEmpty;Extrapolated
305488797934970229080662068464650,1,1,1,-4191932694290,-4191932694290,0.000000000000e0,0,Extrapolated
85987406349980496331175231772960871807994858506,0,2,2,119207906749,119211783050,3.251608944037e-5,-3876301,ChunkEmpty;Extrapolated
85987420383974868125161971211426355718277073930,0,2,2,5547732786,5547732786,0.000000000000e0,0,ChunkEmpty;Extrapolated
85987421660028551781636802008240109781758020618,0,2,2,515498413186,515498413119,1.299713021319e-10,67,ChunkEmpty;Extrapolated
85987421664016235768991544904585048092953840650,1,2,2,-38765159456,-38765159456,0.000000000000e0,0,Extrapolated
85987421666674691760561367205659696474224102410,1,2,2,-330944046651,-330944046651,0.000000000000e0,0,Extrapolated
85987442074312111046374787509641907306580446218,0,2,2,5423227721094,5420275151957,5.447267996965e-4,2952569137,ChunkEmpty;Extrapolated
